scan_ts,discovered,enriched,n_survivors,n_a
1783181771.8922539,60,57,10,0
1783181875.5135114,60,56,11,1
1783190161.5750926,60,57,4,1
1783194590.4367301,60,56,5,0
1783197584.261064,60,60,4,0
1783201362.2889209,60,60,7,1
1783204925.68645,60,60,4,1
1783208805.613229,60,60,3,0
1783214847.2179768,60,55,6,1
1783230363.7648876,60,55,7,1
1783240380.285795,60,55,7,1
1783248540.176173,60,56,8,1
1783253162.6903172,60,53,11,2
1783259067.6738563,60,52,6,0
1783259287.8583517,60,56,8,0
1783260256.215785,60,56,4,0
1783265053.008341,60,52,3,0
1783269470.144659,60,54,5,0
1783273785.4759328,60,51,3,0
1783277547.901361,60,51,4,0
1783282811.321823,60,54,7,0
1783287052.7465112,60,56,5,0
1783290883.493874,60,55,3,0
1783294827.317896,60,54,6,0
1783301262.476752,60,51,5,0
1783318082.8488464,60,56,3,0
1783336107.56336,60,54,4,0
1783348743.9313614,60,52,6,1
1783359043.548683,60,54,7,0
1783365648.8071306,60,52,6,0
1783371998.7240024,60,50,5,0
1783377227.475578,60,52,4,0
1783381317.7284455,60,53,2,0
1783387663.4119222,60,51,5,0
1783403326.6227763,60,57,6,0
1783414634.417662,60,55,6,0
1783426041.404913,60,51,7,0
1783437601.688591,60,55,9,0
1783445373.5197594,60,56,7,0
1783452203.2254553,60,52,4,0
1783458562.4328148,60,55,4,0
1783463609.1887023,60,52,8,0
1783467142.8631387,60,52,6,0
1783472729.4989338,60,53,8,0
1783484855.774943,60,51,5,0
1783494563.8145716,60,55,5,0
1783503678.5193837,60,51,4,0
1783510324.245061,60,55,4,0
1783516354.799564,57,53,8,0
1783525070.9213862,60,51,9,0
1783530800.9131336,60,59,8,0
1783536636.8811502,59,52,7,0
1783541680.5401547,60,55,3,0
1783546441.725403,60,56,4,0
1783550283.3927965,55,50,1,0
1783554811.0635178,57,53,5,0
1783570029.827361,51,48,3,0
1783583441.280578,60,57,8,0
1783593716.0227187,52,43,8,1
1783604361.2222955,54,51,4,2
1783613865.456095,55,45,6,1
1783620833.37192,49,39,4,2
1783627827.9273016,55,51,4,2
1783633843.1912048,50,43,7,2
1783637965.0525239,53,50,8,2
1783642501.8511817,55,53,9,2
1783657670.9316947,55,50,9,2
1783670469.1357296,52,46,6,2
1783682124.841893,47,43,5,1
1783689692.802137,52,50,10,1
1783698166.2871938,50,44,9,1
1783704661.246533,50,44,8,0
1783710428.8860962,44,41,7,0
1783716063.4820795,52,49,9,1
1783719899.4782128,48,39,6,0
1783723463.7705624,46,38,4,0
1783726944.7980835,48,45,6,0
1783732364.7569454,48,42,4,0
1783744329.6745577,47,41,5,0
1783751954.31054,51,43,7,0
1783758630.986823,48,42,6,0
1783764232.1338782,48,40,9,0
1783768569.9859421,45,36,6,0
1783771708.5728903,45,41,5,0
1783778270.7610312,49,44,6,0
1783782448.1370451,42,36,3,0
1783786379.2608607,49,41,4,0
1783790750.182517,51,46,5,0
1783794605.4611638,44,38,2,0
1783799207.4638817,50,40,6,0
1783801959.2638805,46,36,4,0
1783805255.6886463,44,40,4,0
1783808871.491662,49,46,3,0
1783812793.977901,50,49,2,0
1783818558.8293233,48,38,5,0
1783831400.7820735,39,38,1,0
1783840754.0774825,44,38,0,0
1783848069.2811618,48,47,1,0
1783853304.62889,44,41,3,0
1783856823.0068853,45,39,2,0
1783860124.9634027,45,43,3,0
1783865923.436772,40,30,1,0
1783870137.280825,46,42,2,0
1783873892.5805342,46,38,1,0
1783877842.3195333,46,44,2,0
1783881661.1302843,50,41,2,0
1783886163.9205482,51,42,4,0
1783890125.4051747,53,46,3,0
1783893727.6334796,42,32,2,0
1783897276.3579276,45,41,2,0
1783901092.3895533,42,35,2,0
1783914754.6555707,46,39,1,0
1783927920.9829576,56,49,3,0
1783939231.4222093,47,42,7,0
1783948141.0077858,48,41,7,0
1783958476.4940856,51,45,10,1
1783965781.838128,54,49,7,0
1783971743.9647417,53,48,4,0
1783975474.9976625,58,52,3,0
1783978770.221718,53,48,2,0
1783982419.1383076,48,38,2,0
1783985885.598573,54,45,3,0
1783991137.9319491,54,48,5,0
1784002432.5481284,60,56,6,0
1784010577.6468673,52,46,7,0
1784018389.3432217,58,53,8,0
1784024811.8400714,56,52,5,0
1784030371.2520242,52,48,7,0
1784038027.822069,54,50,7,0
1784043723.9963634,58,51,5,0
1784048131.8931777,48,45,5,0
1784052792.4218676,54,47,6,0
1784058469.974277,53,48,7,0
1784061973.764392,59,55,7,0
1784065268.1300707,54,49,8,0
1784068930.0469458,54,49,10,0
1784072233.1212554,50,48,5,0
1784077068.6222556,52,43,5,0
1784088786.7034807,59,57,6,0
1784097097.4736307,55,49,8,0
1784105819.129351,59,49,8,0
1784113215.2784393,56,52,7,0
1784118120.0773509,55,52,5,0
1784125028.3079994,59,52,4,0
1784130903.4055033,49,39,5,0
1784136818.4995625,51,43,5,0
1784140932.4456499,52,43,5,0
1784145363.3488066,50,43,5,0
1784149857.014125,55,51,4,0
1784153808.6181228,56,49,5,0
1784157354.0544517,59,53,5,0
1784160792.3654718,60,55,7,0
1784173379.35586,55,48,7,0
1784181987.1401234,59,51,8,0
1784190638.3416283,59,55,9,0
1784197859.657422,53,49,8,0
1784203508.8016098,54,48,9,0
1784211430.9753966,56,55,10,0
1784217009.0077693,57,50,9,0
1784221050.6426828,53,43,7,0
1784225680.5790966,57,47,11,0
1784230594.3570747,49,39,10,0
1784233923.7310495,54,47,9,0
1784237963.3874085,54,43,10,0
1784241745.9598837,50,44,10,0
1784245366.2713666,51,42,14,0
1784250923.6223779,58,49,12,0
1784262575.8227763,47,41,9,1
1784271574.0957136,57,55,7,1
1784279846.458418,58,53,7,1
1784285963.88234,60,54,8,0
1784290681.9581602,58,51,11,1
1784297266.874496,60,51,10,1
1784303246.6853828,54,46,11,1
1784307172.6365755,55,50,8,0
1784312029.0912762,54,51,3,0
1784316975.780245,55,46,2,0
1784320302.4961452,54,44,2,0
1784323543.3415284,54,51,4,0
1784327184.7185616,58,54,4,0
1784330988.255826,54,47,6,0
1784336484.1178386,47,42,4,0
1784347733.7676651,50,44,6,0
1784355820.155117,50,44,8,0
1784363081.822366,49,48,7,0
1784368937.8729506,56,50,9,0
1784373233.0295973,57,49,11,0
1784376478.1796863,54,46,9,0
1784382805.5678825,52,44,6,0
1784387191.4210322,50,45,7,0
1784390860.4171813,52,45,7,0
1784395526.0009546,44,39,7,0
1784399505.140585,46,36,7,0
1784403967.4097662,50,47,9,0
1784406745.4812624,54,50,8,0
1784410148.1111774,49,45,3,0
1784413654.9528499,57,53,7,0
1784417529.9827857,52,42,4,0
1784423163.242251,55,51,4,0
1784435509.3834405,44,37,3,0
1784444954.0772235,47,43,3,0
1784452889.124023,51,46,6,0
1784458112.3001544,50,43,10,0
1784461521.191625,50,47,8,0
1784464816.303522,50,43,5,0
1784470542.123143,53,50,6,0
1784474780.9108715,54,51,5,0
1784478604.7406225,53,49,5,0
1784482542.4741213,53,49,3,0
1784486046.6416783,51,48,5,0
1784490486.6314902,51,41,3,0
1784493179.6029446,51,45,2,0
1784496529.1355813,53,44,4,0
1784500183.442293,51,45,3,0
1784504013.661191,51,44,2,0
1784509738.1294131,54,50,3,0
1784523363.6648958,57,47,5,0
1784535272.0709136,54,48,7,0
1784546213.5056517,55,45,3,0
1784553596.7175272,51,41,3,0
1784561041.4928071,49,39,3,0
1784567038.943801,45,35,5,0
1784574217.3029847,48,40,7,0
1784579857.1566837,51,43,7,0
1784584342.9339533,50,42,5,0
1784589024.9412014,54,44,5,0
1784592877.3460135,48,39,5,0
1784605880.0897858,56,50,10,0
1784614777.5927963,50,43,7,0
1784624759.385106,51,44,8,0
1784632615.985577,49,39,7,0
1784638027.4620385,51,41,8,0
1784645425.8006566,53,44,5,0
1784650218.2542684,54,44,6,0
1784656108.4810183,53,46,6,0
1784660297.579564,41,32,4,0
1784665380.4694493,44,34,4,0
1784670168.9495583,54,45,7,0
1784673576.1281075,54,45,7,0
1784677416.3649523,54,44,5,0
1784682636.2943857,49,43,6,0
1784695075.8533614,50,43,4,0
1784705165.6878576,56,48,3,0
1784714606.3754215,59,49,3,0
1784721551.1301606,51,47,5,0
1784729865.2143664,55,45,8,0
1784735639.5929372,46,39,7,0
1784741746.5697923,49,39,4,0
1784745907.1178763,44,34,4,0
1784750483.0927978,48,43,5,0
1784755373.0893402,47,37,3,0
1784759300.499911,56,51,3,0
1784763256.565644,58,48,2,0
1784768804.4508662,60,52,0,0
1784780931.2652154,56,50,2,0
1784790701.0908911,53,45,5,0
1784799674.4772997,53,50,6,0
1784806966.358551,57,51,5,0
1784812445.4761424,50,48,9,0
1784820482.0758317,50,42,9,0
1784826150.253608,57,49,11,0
1784830801.334271,53,44,9,0
1784836285.9251654,58,51,9,0
1784839636.0144005,59,49,13,0
1784843252.5908673,60,55,8,0
1784846468.222209,60,58,10,0
1784850233.0052736,59,53,9,0
1784855652.0997927,60,54,8,0
1784867949.0482693,60,56,6,1
1784877686.4651244,60,56,6,0
1784886027.2050028,60,52,5,0
1784892429.130677,60,55,4,0
1784898276.7200835,60,52,4,0
1784905432.8399353,60,50,3,0
1784911998.4166594,60,51,3,0
1784918378.280678,57,49,5,0
1784923505.5132582,60,53,5,0
1784927854.132868,56,46,7,0
1784932213.07713,55,45,6,0
1784936188.3333113,60,50,5,0
1784941615.2907119,59,56,7,0
1784953442.1164734,60,51,7,0
1784962696.440329,57,53,3,0
1784970465.7304938,58,50,4,0
1784976444.008385,60,53,4,0
1784980370.4448645,60,52,4,0
1784987756.394548,57,51,6,0
1784992434.8619654,53,43,7,0
1784996047.324746,60,54,8,0
1785000359.638457,60,51,9,0
1785004338.7487934,60,56,7,0
1785008919.671059,60,51,5,0
1785011772.55454,60,50,4,0
1785015099.4278219,60,51,3,0
1785018696.7871368,60,53,6,0
1785022538.003304,60,53,5,0
1785028284.5945134,60,54,6,0
1785041206.9684536,60,60,3,0
1785050796.853871,50,49,8,0
1785058618.1447637,49,44,6,0
1785064051.6818573,54,47,3,0
1785069191.0739963,60,53,6,0
1785075113.6163352,55,45,4,0
1785080007.263708,58,53,4,0
1785083517.4462554,60,50,4,0
1785087506.736912,56,53,3,0
1785091550.6544304,60,54,4,0
1785095933.6826704,58,54,4,0
1785100065.1832352,57,47,4,0
1785104145.674629,60,55,5,0
1785107741.276589,60,57,4,0
1785111390.5027554,60,50,4,0
1785125307.4833076,60,51,4,0
1785138996.0472405,60,57,6,1
1785152114.1391125,60,50,4,0
1785160587.8842032,60,51,4,0
1785169797.897055,60,55,5,0
1785175749.9987156,60,52,9,0
1785182358.2690072,60,54,8,0
1785187212.273319,60,51,8,0
1785191450.6842515,60,54,8,0
1785195565.785347,60,54,8,0
1785200956.394122,60,53,7,0
1785213066.5685635,58,49,6,0
1785223187.4003623,60,55,8,0
1785232808.1565654,60,51,7,0
1785240321.3540516,60,51,9,0
1785249032.5728674,58,48,8,0
1785255602.762323,56,46,6,0
1785260922.0311038,54,47,7,0
1785265150.2895539,60,51,11,1
1785270120.0118945,60,51,9,0
1785274526.8015196,60,55,5,0
1785278375.7255301,60,53,3,0
1785282265.8796716,60,51,5,0
1785287554.64681,59,54,5,0
1785299746.2644205,60,53,5,0
1785309955.4223576,60,53,5,0
1785320021.1369236,60,55,6,1
1785327882.0627294,60,52,9,1
1785336914.1914446,60,51,7,1
1785343011.205777,60,55,5,1
1785347560.438341,60,56,7,1
1785353885.4740102,60,54,5,1
1785357549.0857134,60,54,7,0
1785361286.1797812,60,50,3,0
1785364959.4975154,60,52,2,0
1785368766.9977794,60,55,2,0
1785373519.895378,60,56,4,0
1785384961.5869787,60,51,6,0
1785393917.6433818,60,52,4,0
1785403222.5954523,60,54,3,0
1785410719.2533278,60,52,3,0
1785417051.735796,60,53,3,0
1785425169.5877185,60,50,4,0
1785431155.0496213,60,51,2,0
1785436897.1655116,57,47,3,0
1785442025.0528677,57,47,6,0
1785446440.549284,60,50,4,0
1785450679.3527894,60,50,2,0
1785454544.463757,60,52,3,0
1785460190.5158257,60,51,3,0
1785473214.997824,60,55,8,0
1785483533.8316877,60,58,5,0
1785493273.7854612,60,53,6,0
1785500583.7406,60,50,4,1
1785510261.0710642,60,52,8,1
1785516776.1701615,60,51,3,1
1785523204.1762574,60,54,6,0
1785528710.493921,60,51,5,1
1785533507.1351273,60,50,2,0
1785537446.5508342,60,56,4,0
1785541589.7038827,57,50,5,0
1785547150.079787,57,52,1,0
1785559347.8050914,60,53,2,0
1785568660.8512707,60,53,2,0
1785576392.7483478,60,58,4,0
1785582202.9760466,60,56,2,0
1785586119.9534469,60,51,2,0
1785592839.315881,60,56,4,0
1785597055.66506,60,54,4,0
1785600986.6956468,60,52,5,0
1785605174.9944332,60,50,5,0
1785609207.5864642,60,50,7,0
1785613686.9928396,60,51,7,0
1785616560.3703675,60,52,5,0
1785619913.809413,60,51,4,0
1785623488.849844,60,52,6,0
1785627149.8939555,60,51,5,0
1785633004.5432024,60,56,5,0
1785645807.3983417,60,51,5,0
1785655430.493973,60,53,6,0
1785663353.625946,56,51,8,0
1785668705.741086,60,53,7,0
1785672693.0452864,60,55,7,0
1785679340.0628517,60,54,9,0
1785683537.9118211,60,52,6,0
1785687395.4450152,60,56,7,0
1785691643.1763635,60,51,3,0
1785695703.904562,60,52,2,0
1785700124.6885679,60,51,4,0
1785703107.5243244,60,55,6,0
1785706779.801389,60,50,4,0
1785710471.3192177,60,51,6,0
1785714277.9603243,60,55,4,0
1785719892.6639977,60,53,4,0
1785732718.7291963,60,55,4,1
1785745066.4006104,60,54,4,1
1785757757.9346554,60,50,4,1
1785765970.1764677,60,51,5,1
1785775059.2619245,60,51,6,0
1785781751.9490104,60,55,10,0
1785788148.9043844,60,52,8,0
1785792807.6765509,60,59,4,0
1785796593.182604,60,55,7,0
1785800613.621365,60,51,6,0
1785805792.3801482,60,53,5,0
1785818010.2921526,60,51,8,0
1785827961.317112,60,53,7,0
1785837843.6774518,60,54,8,0
1785845490.413112,60,50,5,0
1785854644.2241356,60,55,2,0
1785861777.181217,60,51,4,0
1785867573.585667,60,52,5,0
1785873776.9031892,60,50,3,0
1785878541.5478354,59,50,7,0
1785883155.0933354,60,52,3,0
1785887213.1718137,60,52,4,0
1785892159.4331768,60,51,4,0
1785904300.1999161,60,51,4,1
1785914359.158583,60,50,5,1
1785924094.1010437,60,53,4,1
1785931644.4529283,60,56,4,1
1785940713.0179029,60,50,3,0
1785946988.9654593,60,51,7,0
1785953267.6341176,60,52,10,0
1785959948.5021126,60,51,5,0
1785964871.8873696,60,50,4,0
1785969132.1197774,60,52,3,0
1785972714.0772817,60,50,4,0
1785977844.8706326,60,51,3,0
1785990163.6540852,60,54,2,0
1786000870.3795407,60,51,4,1
1786010637.8825128,60,50,4,1
1786018333.1279159,60,53,7,1
1786027158.1253083,59,49,5,1
1786061936.842252,59,49,5,0
1786072852.6549878,59,52,5,0
1786079312.483242,60,55,7,0
1786084558.418968,60,59,4,1
1786089314.0982184,60,54,4,1
1786093966.451117,60,52,4,1
1786097678.1732495,60,50,3,1
1786101074.2523072,60,55,4,1
1786104052.7454412,60,51,5,1
1786109030.0000088,60,50,6,1
1786113270.5863686,59,50,7,1
1786116640.957802,60,51,11,1
1786120085.6799223,58,48,11,1
1786123684.621609,60,51,7,1
1786127193.4109972,60,51,3,0
1786131302.5393739,60,51,4,0
1786133893.9106495,60,53,2,0
1786136637.7527177,60,50,2,0
1786139489.989314,60,54,4,0
1786141304.785775,60,53,3,0
1786143637.9927576,60,50,6,0
1786146117.7525036,60,50,3,0
1786149233.003375,60,51,1,0
1786156306.9931798,60,52,3,0
1786161196.3231063,60,57,5,0
1786165626.4262402,60,52,5,0
1786168412.8761654,60,52,4,0
1786172844.5468764,60,52,6,0
1786176204.1094997,60,53,6,0
1786179271.4342124,60,50,7,0
1786182566.501785,60,53,4,0
1786184184.2714448,60,56,4,0
1786186472.780042,60,52,3,0
1786189029.8847537,60,58,4,0
1786190353.9613323,60,57,5,0
1786194397.6517334,60,56,3,0
1786197241.581297,60,56,6,0
1786200096.528227,60,54,10,0
1786202005.977151,60,50,8,0
1786204202.8276715,60,52,4,0
1786205699.721855,60,53,3,0
1786208190.3440242,60,57,3,0
1786210773.8825123,60,51,2,0
1786212926.0161088,60,53,3,1
1786215798.845528,60,53,3,1
1786217899.2931125,60,54,3,1
1786219904.6476145,60,52,2,1
1786222340.477675,60,53,5,1
1786223899.533836,60,53,5,1
1786225829.57289,60,52,7,1
1786227184.476395,60,51,2,1
1786229455.8619494,60,54,1,0
1786230831.0456004,60,51,3,1
1786232911.863889,60,58,2,1
1786235818.88226,60,52,1,0
1786243744.7347162,60,56,2,0
1786248307.0752664,60,53,1,0
1786252514.6764705,60,52,4,0
1786255346.9038038,60,53,3,0
1786259392.08791,60,51,2,0
1786262685.0179095,60,55,6,0
1786265816.3984036,60,53,3,0
1786269056.2924514,60,56,4,0
1786270736.4797294,60,54,4,0
1786273012.952193,60,57,3,0
1786275510.3799725,60,56,2,0
1786277854.6944385,60,54,4,0
1786281852.0352156,60,57,4,0
1786284612.6119409,60,52,5,0
1786287347.844801,59,49,4,0
1786290023.06825,60,55,3,0
1786292124.023538,60,50,5,0
1786294741.093513,60,53,6,0
1786297211.002999,60,50,3,0
1786299422.2487192,60,52,4,0
1786302351.583141,60,52,5,0
1786304701.410032,59,49,3,0
1786306385.1926382,58,48,3,0
1786308929.0353906,60,50,3,0
1786311729.975428,60,53,4,0
1786313611.0531578,60,50,4,0
1786316028.8817043,60,57,4,0
1786318833.2322786,60,52,5,0
1786322291.6815977,60,54,4,0
1786330886.9404392,60,53,2,0
1786337235.3582287,60,50,2,0
1786341797.446872,60,53,3,0
1786348740.236235,60,56,6,1
1786354980.7531564,60,53,8,1
1786359052.1478274,60,50,8,1
1786361871.7691379,60,52,9,1
1786365303.5051384,60,50,11,1
1786370516.2363555,60,50,8,0
1786374588.736078,60,50,8,0
1786378338.0824606,53,43,9,1
1786381995.5730684,60,50,3,1
1786385210.9006567,60,51,3,0
1786389147.791511,60,52,4,0
1786392288.3806615,60,52,2,0
1786395424.3283577,60,56,5,0
1786398745.3985655,60,51,5,0
1786402249.62296,60,51,4,0
1786404094.3460865,60,55,2,0
1786406135.3752367,60,51,5,0
1786414861.5732226,60,53,3,0
1786420656.2487879,60,57,4,0
1786425432.9529905,60,55,2,0
1786428501.290453,60,54,2,0
1786434091.975722,60,57,3,1
1786437542.5462582,60,55,5,1
1786441492.8525817,60,57,4,1
1786444638.277939,60,54,3,1
1786448005.0085535,60,55,4,1
1786451151.4280453,60,51,5,1
1786456885.0101957,60,52,1,1
1786461032.9674122,60,52,4,1
1786464800.197141,60,52,4,1
1786468570.7675512,60,51,4,1
1786471811.3656352,60,51,3,1
1786476570.0737834,60,52,3,1
1786479572.340021,60,52,3,1
1786482545.543362,60,51,3,1
1786486101.0193298,60,58,3,1
1786489645.2346838,60,52,3,1
1786492955.5285437,60,53,3,1
1786502239.9382107,60,53,7,0
1786508953.0425818,59,54,4,0
1786514511.3698885,57,48,7,0
1786520743.6997414,57,47,11,1
1786524852.5454926,60,50,9,1
1786529780.8319373,60,50,11,2
1786533140.8102272,60,51,11,2
1786536134.3634448,60,58,8,1
1786541785.5847156,59,49,9,1
1786545664.267759,60,50,9,1
1786549380.135588,60,56,10,1
1786552814.7075255,60,50,5,0
1786556716.714575,60,50,8,0
1786560015.3819222,60,50,4,0
1786564317.5753322,60,56,3,0
1786566524.0657926,60,53,4,0
1786569854.6304812,60,54,5,0
1786573272.8326874,60,50,5,0
1786576011.8070767,60,50,6,0
1786578884.4220936,60,50,5,0
1786588725.2485049,60,50,6,0
1786595538.7768855,60,53,6,0
1786600967.0453794,56,50,8,0
1786607224.280867,60,52,6,0
1786611382.5892432,60,59,7,0
1786616278.0136685,60,54,5,0
1786619621.452817,60,50,6,0
1786622576.426801,60,52,5,0
1786628287.954306,60,51,6,0
1786632406.961695,58,48,8,0
1786635781.8253202,57,47,8,1
1786639177.9193504,59,49,9,1
1786643089.061939,58,48,6,0
1786646451.1308944,60,54,8,0
1786650418.0597029,60,50,7,0
1786652622.939332,60,50,7,0
1786656313.161845,60,50,7,0
1786659677.9809728,60,51,6,0
1786662485.734229,60,52,6,0
1786665700.3116124,60,53,6,0
1786675020.8707078,54,44,3,0
1786681539.6919997,55,45,9,0
1786687354.8391888,55,45,7,0
1786693515.950373,60,55,5,0
1786697439.4231653,59,49,5,0
1786700830.9338763,60,50,6,0
1786704212.8122642,60,50,5,0
1786707167.4266875,60,51,6,0
1786710321.1130955,60,52,4,0
1786715878.1269147,60,51,4,0
1786719703.0740256,60,50,4,0
1786723211.4153874,60,55,6,0
1786726989.6135645,60,52,5,0
1786730359.877732,60,51,4,0
1786734406.0413127,60,51,4,0
1786737193.7697494,60,51,5,0
1786739911.3575957,60,50,4,0
1786741821.272561,60,50,4,0
1786743826.6086693,60,51,5,0
1786744922.646293,60,51,4,0
1786746805.5095303,60,51,5,0
1786748102.0367754,60,50,5,0
1786750246.9897442,60,50,4,0
1786751620.3208046,60,51,5,0
1786758284.4166546,60,55,5,0
1786761574.9472458,60,50,6,0
1786764321.8895948,59,49,7,0
1786766757.822551,54,46,4,0
1786769006.9737792,53,45,2,0
1786770621.660821,55,46,2,0
1786772705.138484,59,53,3,0
1786773761.0117574,59,49,4,0
1786776799.3304582,60,52,3,0
1786779444.9315288,60,52,4,0
1786780965.3259196,60,51,3,0
1786783186.232875,60,54,4,0
1786785067.4446754,60,55,1,0
1786787052.887235,60,54,1,0
1786788103.0054178,60,50,2,0
1786789957.3304818,60,54,3,0
1786791178.2940254,60,54,2,0
1786793347.4929879,60,55,2,0
1786794602.3453002,60,50,2,0
1786795275.418449,60,53,2,0
1786798480.0997784,58,55,3,0
1786801047.6054108,60,50,2,0
1786802528.0931807,60,50,3,0
1786804341.0637777,60,50,4,0
1786805611.9332151,60,54,5,0
1786807830.9205124,60,50,5,0
1786809067.1008768,59,49,6,0
1786810073.6471992,57,50,6,0
1786812295.210765,57,47,6,0
1786813413.4729886,58,48,6,0
1786815064.5917304,58,51,4,0
1786816296.5716126,57,47,3,0
1786817351.9766262,60,50,3,0
1786819838.2627742,60,51,4,0
1786821048.919814,60,51,5,0
1786822730.642675,60,54,6,0
1786823969.309443,60,50,4,0
1786826008.0916884,60,51,3,0
1786827218.2269533,60,51,3,0
1786829376.3316834,60,52,3,0
1786830631.5330815,60,50,4,0
1786831342.7943711,60,50,6,0
1786833144.3991737,60,56,5,0
1786834357.332464,60,54,3,0
1786836512.7163134,60,53,3,0
1786837844.237818,60,51,3,0
1786839900.469082,60,51,3,0
1786846079.691192,60,50,3,0
1786850093.8884382,60,50,4,0
1786852995.4117293,60,55,3,0
1786855527.1847875,60,52,4,0
1786857219.612922,60,55,4,0
1786859245.5980608,60,50,5,0
1786860920.1884897,60,52,4,0
1786863836.815323,60,51,5,0
1786865967.1061351,60,53,5,1
1786867830.6309345,60,54,3,1
1786870232.1037035,60,56,3,1
1786871627.1024184,60,51,3,1
1786873577.9509897,60,53,3,1
1786874561.4773283,60,54,4,1
1786876387.1067226,60,52,6,1
1786877613.6733944,55,46,7,1
1786879773.9892826,56,47,4,1
1786881062.2251563,57,51,4,1
1786882255.4614367,57,47,2,1
1786885441.568845,59,49,3,1
1786887557.7146082,52,42,5,1
1786888964.8229508,53,46,3,0
1786890787.8830414,55,45,3,0
1786892041.2026525,54,44,2,0
1786894245.8317757,56,47,3,0
1786895523.285992,56,46,5,0
1786896596.458345,55,45,4,0
1786898738.7382421,55,45,7,0
1786899827.118944,55,45,4,1
1786901376.6025946,60,50,5,1
1786902635.3890507,60,50,2,0
1786903679.6931827,60,53,3,1
1786906190.1900394,58,49,3,1
1786907406.248794,56,46,4,1
1786909108.1550972,60,53,3,1
1786910343.5965054,59,49,3,1
1786912379.4202344,60,53,3,1
1786913577.2921169,60,54,4,1
1786915783.972195,60,51,3,1
1786916995.7764738,60,50,4,1
1786917639.690254,60,53,5,1
1786919491.082281,60,50,5,1
1786920690.1051013,58,56,4,1
1786921628.535563,60,53,4,1
1786923107.6855514,59,49,5,1
1786924214.7252123,59,49,4,1
1786926259.7822978,59,49,4,1
1786932364.4170604,59,50,4,1
1786936179.3788462,58,48,5,1
1786939599.528204,60,55,3,1
1786942474.1148973,60,50,4,1
1786945418.942108,58,55,5,1
1786947751.6284173,57,47,6,0
1786952126.2200124,52,49,6,1
1786954879.7503004,52,47,6,1
1786957483.7440782,54,47,4,1
1786960408.3296745,58,53,2,1
1786963313.9821436,58,49,4,0
1786965047.640721,60,56,5,0
1786967078.8713293,60,50,3,0
1786968163.1183226,60,54,6,0
1786971647.2412393,59,52,7,0
1786974473.2354105,56,46,5,0
1786975999.7837374,58,48,4,0
1786978105.5145433,59,51,5,0
1786979470.1626854,60,57,5,0
1786981454.100871,60,50,3,0
1786982582.3916254,60,50,2,0
1786984732.5954816,60,51,3,0
1786986720.5391455,60,51,2,0
1786988933.1788945,60,51,7,0
1786990576.0305073,60,50,5,0
1786993312.273318,60,52,5,0
1786995329.6944911,60,50,5,0
1786996546.6979234,60,50,3,0
1786999012.7282166,60,50,4,0
1787000386.93854,60,52,5,0
1787002484.6186836,60,51,3,0
1787003721.991574,60,52,3,0
1787006071.3854313,60,53,1,0
1787007326.6530309,60,54,1,0
1787009487.8071957,59,49,3,0
1787010700.407153,59,49,3,0
1787012802.8025444,60,54,4,0
1787018564.7604902,60,53,5,0
1787022249.7582614,60,52,4,0
1787025207.0565772,60,56,6,0
1787028310.6716852,60,54,4,0
1787030120.4002817,60,51,7,0
1787032153.894153,60,54,7,0
1787033857.761332,60,51,6,0
1787036954.1218987,60,50,6,0
1787039835.4110024,60,50,7,0
1787042931.7270403,60,50,5,0
1787044623.6405072,59,49,5,0
1787046738.7089567,58,54,5,0
1787049550.005668,60,50,6,1
1787051431.2738588,60,50,6,1
1787053498.3277526,60,52,8,0
1787055278.0126638,60,51,5,0
1787058756.9014425,60,51,7,0
1787061604.6981177,60,52,8,0
1787064267.9491794,60,51,9,0
1787066131.3912983,60,52,10,0
1787068222.180281,60,50,8,0
1787069659.9766011,59,49,9,0
1787071944.9010315,60,51,8,0
1787074593.6022575,60,50,9,0
1787075939.2760746,60,52,9,0
1787079071.584246,60,50,6,0
1787080686.6818438,59,49,7,0
1787082273.9605763,60,55,6,0
1787083288.3335905,60,51,8,0
1787085239.9383929,60,50,8,0
1787086515.7448025,60,51,6,0
1787088770.800883,60,51,5,0
1787089940.5022898,60,50,7,0
1787092495.1175728,59,49,6,0
1787093763.4512584,60,50,6,0
1787095835.9953809,60,50,7,0
1787097113.1985083,60,50,7,0
1787099324.2356894,60,50,6,0
1787105089.5867617,60,55,8,0
1787108855.4961677,60,51,9,0
1787112196.3907773,60,53,8,0
1787114828.418448,60,51,8,0
1787116553.1047928,60,51,9,0
1787118618.5289419,60,50,9,0
1787120347.718101,60,57,8,0
1787123435.5025785,60,52,8,0
1787126190.8996265,59,49,6,1
1787129373.4203694,60,51,4,0
1787131126.2713535,57,47,4,0
1787133196.7340665,55,50,6,0
1787135920.3884556,56,46,8,0
1787137809.2426405,59,49,5,0
1787139852.5330467,60,50,6,0
1787141654.6868396,60,59,7,0
1787145225.2778137,54,44,6,0
1787148031.6076052,58,50,8,1
1787150719.7922673,59,49,9,0
1787152496.2818508,55,54,8,1
1787154610.7651067,57,56,10,1
1787156079.4367626,60,57,9,0
1787158263.6783066,60,59,5,0
1787159630.6408076,60,50,5,0
1787161482.513197,59,49,8,0
1787162607.9247973,60,51,7,0
1787165351.8529127,60,51,9,0
1787166814.5560021,58,48,8,0
1787168614.4026353,58,48,3,0
1787169797.9135551,60,60,5,0
1787171927.8376043,60,51,4,0
1787173873.6970425,60,51,7,0
1787175860.6613078,60,51,4,0
1787177258.117717,60,50,5,0
1787179520.4131892,60,51,5,0
1787180941.7840776,60,51,4,0
1787182867.8320072,60,51,7,1
1787184122.8859158,60,51,5,1
1787190367.3911614,60,52,7,1
1787193853.5909324,60,52,6,1
1787196785.508609,60,54,7,0
1787199498.4940867,60,50,7,0
1787201844.682841,60,54,9,0
1787204355.8850386,60,53,7,0
1787206682.580285,60,51,8,0
1787209850.199025,60,52,6,0
1787212799.8536978,60,55,8,0
1787215836.2984974,60,50,4,0
1787217585.1811106,60,52,5,0
1787219650.9438224,60,56,6,0
1787222408.6502137,60,55,9,0
1787224324.1563933,60,56,6,0
1787226409.5562918,60,52,9,0
1787228150.0098743,60,51,8,0
1787231738.6804655,60,50,4,0
1787234578.623199,57,47,4,0
1787237328.3318415,58,48,3,0
1787239170.4445188,60,60,7,0
1787241179.097072,60,51,8,0
1787244375.6829479,60,51,4,0
1787246035.0080025,60,51,6,0
1787248178.9778109,60,52,5,0
1787249799.6172996,60,50,5,0
1787252686.4556422,60,50,13,0
1787254775.1840959,60,52,8,0
1787256693.9781806,60,52,5,0
1787259020.5009928,60,50,3,0
1787260464.9737372,60,51,4,0
1787262463.735033,60,51,5,0
1787263801.566999,60,53,3,0
1787266123.8119442,60,52,2,0
1787267480.4657767,60,56,2,0
1787269443.2765698,60,60,2,0
1787270583.4870286,60,57,2,0
1787277135.5785415,60,52,7,0
1787281904.3967216,60,53,3,0
1787285110.0598266,60,55,5,0
1787287815.3406281,60,51,8,0
1787289594.0918846,60,54,9,0
1787291559.1953242,60,51,8,0
1787295702.90451,58,49,9,1
1787298660.6421685,56,51,9,1
1787300506.781617,59,49,6,1
1787303066.1039312,58,48,8,0
1787305723.9005158,60,57,9,0
1787307304.7123206,60,51,11,0
1787309511.1358447,60,50,10,1
1787310870.8436291,60,55,8,1
1787312794.922701,60,51,8,1
1787314509.1153672,60,54,6,0
1787318113.1011114,60,52,9,0
1787320877.1662235,60,53,9,0
1787323612.0889149,60,51,9,0
1787325426.0242786,60,51,9,0
1787327509.4710789,60,53,12,1
1787329025.8194127,60,51,9,0
1787331345.9032037,60,51,7,2
1787333870.7434309,60,52,6,2
1787336115.864892,60,51,7,2
1787338871.322838,60,51,5,2
1787340726.966824,60,50,5,2
1787341870.7324183,60,51,6,2
1787342982.461839,60,51,6,2
1787345026.9002275,60,51,7,2
1787346559.5516481,60,50,7,0
1787348580.03168,60,51,7,2
1787349759.0984402,60,53,6,1
1787351716.1056688,60,52,7,2
1787352968.6131554,60,51,6,2
1787355149.0049477,60,52,6,2
1787356409.3653536,60,51,6,1
1787363107.7449932,60,55,6,1
1787366529.7479231,60,58,8,1
1787369301.6734202,60,52,7,0
1787371738.348462,60,52,9,0
1787374408.9833536,60,54,8,0
1787376961.3818429,60,55,8,0
1787378330.6022313,60,52,7,0
1787381655.656355,60,54,10,0
1787384329.3146434,60,56,10,0
1787386260.4885619,60,55,9,0
1787388690.852665,60,52,9,0
1787390020.4681435,60,52,7,0
1787391984.176088,60,57,7,0
1787392950.7085729,60,53,8,0
1787394823.8949964,60,57,8,1
1787396072.9378934,60,53,9,1
1787398191.210954,60,58,9,1
1787399487.2556171,60,54,8,1
1787400672.883719,60,54,8,1
1787403856.91886,60,54,11,1
1787405979.39531,60,52,8,1
1787407314.777435,60,56,9,1
1787409074.9703422,60,51,6,1
1787410397.6567311,60,50,4,1
1787412629.655316,60,50,5,1
1787413851.567939,60,51,5,1
1787414787.4226463,60,54,7,1
1787416590.4379776,59,57,7,1
1787417801.176943,60,51,8,1
1787419791.6348567,60,51,7,1
1787421134.673243,60,51,4,0
1787422320.1512606,60,56,9,1
1787424724.114043,60,50,7,1
1787426044.68451,60,54,5,1
1787427644.53931,60,50,4,1
1787428836.632282,60,52,7,1
1787430833.177769,60,54,10,1
1787432082.6655989,60,52,6,0
1787434223.384537,60,54,12,1
1787435483.4568877,60,51,8,0
1787436439.121843,60,52,11,1
1787438535.6011827,60,52,11,1
1787439690.7352989,60,51,9,0
1787441382.0098362,60,55,9,0
1787444773.0931501,60,53,4,0
1787451060.0920277,60,51,10,0
1787455497.9803543,60,54,10,0
1787458718.675619,60,53,8,0
1787460936.9891758,60,58,8,0
1787463475.9077468,60,55,8,0
1787465773.247408,60,54,8,0
1787468753.686642,60,54,5,0
1787471020.6081011,60,54,7,0
1787472706.334744,60,52,8,0
1787475146.2689197,60,57,10,0
1787477815.4881608,60,58,10,1
1787479017.054069,60,51,9,1
1787481222.4393635,60,51,10,1
1787482503.7291389,60,54,11,1
1787484595.8169165,60,52,10,1
1787485879.01023,60,51,10,1
1787487122.6498086,60,54,10,1
1787490342.1362069,60,54,11,2
1787492494.801152,60,53,11,2
1787493953.0048556,60,51,11,1
1787495734.8996024,60,50,9,1
1787496977.6002822,60,53,8,1
1787499106.932635,60,52,8,1
1787500332.900572,60,51,6,1
1787501470.1005065,60,51,9,2
1787503551.6209679,60,54,9,2
1787504787.3138719,60,52,10,1
1787506319.475277,60,53,11,2
1787507494.4588952,60,52,11,1
1787508585.0411296,60,57,8,1
1787511101.656678,60,55,7,1
1787512361.2771223,60,51,8,1
1787514003.384331,60,54,4,2
1787515204.7384574,60,51,5,1
1787517238.3911383,60,54,6,1
1787518475.232055,60,51,5,0
1787520622.3637235,60,55,7,2
1787521864.915298,60,56,6,2
1787522760.830686,60,50,6,2
1787524483.1145227,60,58,7,2
1787525653.8615894,60,50,8,2
1787527822.160417,60,54,6,1
1787529079.762608,60,53,6,2
1787531144.3943727,60,50,6,2
1787537363.3783674,60,51,5,2
1787542020.049352,60,50,5,1
1787545470.686756,60,56,4,0
1787548910.1059864,60,52,5,0
1787551133.454443,60,51,7,0
1787555673.9300132,60,53,3,0
1787558823.83127,60,55,9,0
1787562072.5277264,60,54,5,0
1787565448.306997,60,52,5,1
1787568481.818174,60,51,9,0
1787570057.4841673,60,54,8,2
1787572062.3826337,27,0,0,0
1787583358.4998949,60,51,5,1
1787586603.096262,29,19,2,0
1787588343.4615073,60,51,9,0
1787590799.5094647,60,27,6,0
1787593128.6764193,60,51,6,0
1787595393.3307388,60,26,2,0
1787598272.050942,60,50,11,0
1787600299.6483486,60,26,6,0
1787602334.9728642,60,26,8,0
1787604727.7920194,60,26,9,0
1787606251.8251476,46,13,1,0
1787608083.4307187,60,25,5,1
1787609390.1597621,57,21,5,1
1787611645.6675444,60,28,3,0
1787612995.0578403,60,50,5,0
1787614850.1337981,60,30,4,0
1787616124.529813,60,53,8,0
1787622385.055177,60,51,7,0
1787625961.3502464,60,54,8,0
1787628888.7885144,60,51,9,0
1787631623.2790186,60,52,8,0
1787633963.9622219,60,51,10,0
1787636416.3890798,60,51,12,1
1787638714.8944213,60,51,11,1
1787642001.103072,60,53,9,1
1787644934.8263128,60,52,11,1
1787648012.6415765,60,52,9,1
1787651177.1780908,60,55,11,1
1787652936.7974348,60,50,10,1
1787655248.8316,60,50,7,1
1787657794.0143347,60,51,6,0
1787659181.7261693,60,52,9,0
1787663099.014904,60,50,6,0
1787666350.1989965,60,50,6,0
1787669789.7883239,60,51,6,1
1787673208.4734046,60,50,3,0
1787676557.4058604,60,53,9,0
1787678352.9663606,60,50,11,0
1787680172.8956695,60,55,7,0
1787681882.159249,60,53,10,0
1787684596.1900663,60,52,10,0
1787686802.9387825,60,51,10,0
1787688658.9196322,60,52,10,0
1787691001.8755393,60,52,9,0
1787692405.4614642,60,50,8,0
1787694462.8241243,60,53,8,1
1787695742.3771715,60,52,7,0
1787698126.9608376,60,50,7,0
1787699515.551913,60,55,9,1
1787701352.3032777,60,54,9,0
1787702569.120747,60,53,9,1
1787709144.8949099,60,53,4,1
1787714053.0161443,60,56,8,0
1787717197.4650064,60,51,8,0
1787719952.7242527,60,51,10,0
1787723002.898038,60,54,7,0
1787725265.496733,60,53,7,0
1787728455.1191638,60,51,8,1
1787731407.9576204,60,50,6,1
1787734602.8400972,60,51,7,2
1787737933.5693483,60,52,5,1
1787739779.124862,60,55,7,1
1787742246.9580386,60,54,5,0
1787744340.8996203,60,54,5,0
1787746748.6868203,60,53,6,0
1787750897.4272077,60,50,6,1
1787754079.0914571,60,52,4,1
1787759767.9782236,60,50,3,0
1787763268.4707427,60,52,6,1
1787771681.5434682,60,51,4,0
1787782729.109261,60,52,6,0
1787800975.921965,60,55,5,1
1787841278.61261,60,52,7,0
1787875015.9512126,60,53,6,0
1787915647.8613975,60,54,7,0
1787952427.5568464,60,51,7,1
1787973581.861264,60,53,8,1
1787998446.3808439,60,52,8,0
1788016000.158602,57,47,7,0
1788027896.046439,60,50,6,0
1788037713.176142,60,51,8,0
1788045886.5160363,60,50,4,0
1788053755.7716794,26,0,0,0
1788074466.2217062,57,50,9,1
1788094857.9405055,50,40,3,1
1788110508.9855037,53,43,4,0
1788119622.8895276,47,37,6,0
1788129625.724376,54,44,4,0
1788137700.4450684,52,42,8,0
1788159423.8546686,50,41,3,0
1788188470.8136668,49,39,5,2
1788209174.320624,50,40,9,2
1788221231.6824422,52,43,8,2
1788238870.5306609,45,36,6,1
1788256662.1762025,54,45,11,1
1788273916.7081876,56,46,9,1
1788285563.7423239,55,45,6,1
1788296250.3584013,51,41,5,1
1788304475.764427,52,42,5,1
1788311080.3888972,51,42,8,1
1788327848.395914,50,45,10,1
1788343107.00545,48,39,8,1
1788358913.2926984,48,38,10,1
1788371828.6161969,46,36,5,0
1788382659.4850607,38,28,5,0
1788390948.2810113,49,39,5,1
1788397844.3582308,46,36,6,1
1788414884.3352926,39,31,4,1
1788433555.1209266,47,37,9,2
1788447490.1177013,52,42,7,1
