mint,symbol,tier,alert_ts,entry_price,entry_mcap,entry_liq,entry_score,gate_results_json,rugcheck_score,price_1h,mcap_1h,ret_1h,price_6h,mcap_6h,ret_6h,price_24h,mcap_24h,ret_24h,price_7d,mcap_7d,ret_7d,max_ret_seen,min_ret_seen,rugged_after,status
BDbNwA95183CdqUhx2P6R3fWXbefubVbx2wNnCp6pump,FROGBULL,,1783042783.8092139,0.000955,914392.0,82223.77,64.7,"{""has_safety"": true, ""mint_revoked"": true, ""freeze_revoked"": true, ""lp_locked"": true, ""not_rugged"": true, ""liq_ok"": true, ""vol_ok"": true, ""top10_ok"": true, ""insider_ok"": true, ""dev_ok"": true, ""risk_ok"": true, ""no_danger_risk"": true, ""danger_hits"": []}",1.0,0.0006971,667439.0,-0.27005235602094246,0.0006971,667439.0,-0.27005235602094246,0.0006971,667439.0,-0.27005235602094246,,,,0.0,-0.28774869109947643,False,open
F7bFfkHxLuXuuoeX3SQDM9PDhBABVEVFmter8nnRpump,shitcoin,,1783042783.8092139,3.049e-05,30495.0,13401.42,62.9,"{""has_safety"": true, ""mint_revoked"": true, ""freeze_revoked"": true, ""lp_locked"": true, ""not_rugged"": true, ""liq_ok"": true, ""vol_ok"": true, ""top10_ok"": true, ""insider_ok"": true, ""dev_ok"": true, ""risk_ok"": true, ""no_danger_risk"": true, ""danger_hits"": []}",1.0,8.095e-05,80958.0,1.6549688422433584,8.095e-05,80958.0,1.6549688422433584,8.095e-05,80958.0,1.6549688422433584,,,,1.7691046244670385,0.0,False,open
AVw5JG15f4rUVqGm9ogkt46z3hqFrc2A9w3fXSSfpump,C4,,1783042783.8092139,1.892e-05,18923.0,10472.27,58.9,"{""has_safety"": true, ""mint_revoked"": true, ""freeze_revoked"": true, ""lp_locked"": true, ""not_rugged"": true, ""liq_ok"": true, ""vol_ok"": true, ""top10_ok"": true, ""insider_ok"": true, ""dev_ok"": true, ""risk_ok"": true, ""no_danger_risk"": true, ""danger_hits"": []}",49.0,2.858e-05,28589.0,0.510570824524313,2.858e-05,28589.0,0.510570824524313,2.858e-05,28589.0,0.510570824524313,,,,0.510570824524313,0.0,False,open
4Q1nYg8tNm3pdioSNyF2gkHjHqJaqzCT6udubCPspump,bANSEM,,1783042783.8092139,1.928e-05,19280.0,10602.89,52.5,"{""has_safety"": true, ""mint_revoked"": true, ""freeze_revoked"": true, ""lp_locked"": true, ""not_rugged"": true, ""liq_ok"": true, ""vol_ok"": true, ""top10_ok"": true, ""insider_ok"": true, ""dev_ok"": true, ""risk_ok"": true, ""no_danger_risk"": true, ""danger_hits"": []}",1.0,2.864e-06,2864.0,-0.8514522821576763,2.864e-06,2864.0,-0.8514522821576763,2.864e-06,2864.0,-0.8514522821576763,,,,0.0,-0.8514522821576763,False,open
SPCXwBHVrKpRqMRawL3NNvt1sXP2Yf3edwRbta53N69,SPCX69,,1783042783.8092139,0.004637,4637874.0,246256.13,51.8,"{""has_safety"": true, ""mint_revoked"": true, ""freeze_revoked"": true, ""lp_locked"": true, ""not_rugged"": true, ""liq_ok"": true, ""vol_ok"": true, ""top10_ok"": true, ""insider_ok"": true, ""dev_ok"": true, ""risk_ok"": true, ""no_danger_risk"": true, ""danger_hits"": []}",1.0,0.004398,4398821.0,-0.051541945223204544,0.004398,4398821.0,-0.051541945223204544,0.004398,4398821.0,-0.051541945223204544,,,,0.0,-0.051541945223204544,False,open
HS4DWjgJ2h51PCnhh95saqgLQ21Zps6VABK1vi9gpump,LojakPaul,,1783042948.784281,0.001766,1766336.0,118630.39,70.6,"{""has_safety"": true, ""mint_revoked"": true, ""freeze_revoked"": true, ""lp_locked"": true, ""not_rugged"": true, ""liq_ok"": true, ""vol_ok"": true, ""top10_ok"": true, ""insider_ok"": true, ""dev_ok"": true, ""risk_ok"": true, ""no_danger_risk"": true, ""danger_hits"": []}",1.0,2.222e-05,22229.0,-0.9874178935447339,2.222e-05,22229.0,-0.9874178935447339,2.222e-05,22229.0,-0.9874178935447339,,,,0.0,-0.9876104190260475,False,open
ARea51UmRfn22Ds7KwFZirSMEEn1gtBdrhW4zLeveeV1,AALIEN,,1783042948.784281,0.0002038,203878.0,44066.11,55.2,"{""has_safety"": true, ""mint_revoked"": true, ""freeze_revoked"": true, ""lp_locked"": true, ""not_rugged"": true, ""liq_ok"": true, ""vol_ok"": true, ""top10_ok"": true, ""insider_ok"": true, ""dev_ok"": true, ""risk_ok"": true, ""no_danger_risk"": true, ""danger_hits"": []}",1.0,0.0001356,135604.0,-0.33464180569185475,0.0001356,135604.0,-0.33464180569185475,0.0001356,135604.0,-0.33464180569185475,,,,0.0,-0.3380765456329735,False,open
86WQZC9cW2YQyVcTjpNGqq56YN87TwP8bhm3NnrVpump,Firework,,1783043486.2615998,2.038e-05,20383.0,11152.36,60.0,"{""has_safety"": true, ""mint_revoked"": true, ""freeze_revoked"": true, ""lp_locked"": true, ""not_rugged"": true, ""liq_ok"": true, ""vol_ok"": true, ""top10_ok"": true, ""insider_ok"": true, ""dev_ok"": true, ""risk_ok"": true, ""no_danger_risk"": true, ""danger_hits"": []}",45.0,7.964e-06,7964.0,-0.609224730127576,7.964e-06,7964.0,-0.609224730127576,7.964e-06,7964.0,-0.609224730127576,,,,0.0,-0.6100588812561335,False,open
ERBATen21ug99H7p2C21fCim9TQpBBM79QT9VX4Jpump,GM,,1783043486.2615998,8.341e-05,83410.0,22153.07,58.2,"{""has_safety"": true, ""mint_revoked"": true, ""freeze_revoked"": true, ""lp_locked"": true, ""not_rugged"": true, ""liq_ok"": true, ""vol_ok"": true, ""top10_ok"": true, ""insider_ok"": true, ""dev_ok"": true, ""risk_ok"": true, ""no_danger_risk"": true, ""danger_hits"": []}",1.0,2.239e-06,2239.0,-0.9731566958398273,2.239e-06,2239.0,-0.9731566958398273,2.239e-06,2239.0,-0.9731566958398273,,,,0.0,-0.9734684090636614,False,open
4EKJBc4WdeCViLRCfRx5ieFHfPFuBYhV49527GUBpump,womanlet,B,1783181771.8922539,0.0001451,145146.0,30428.48,71.8,"{""has_safety"": true, ""mint_revoked"": true, ""freeze_revoked"": true, ""lp_locked"": true, ""not_rugged"": true, ""liq_ok"": true, ""vol_ok"": true, ""top10_ok"": true, ""insider_ok"": true, ""insider_net_ok"": true, ""graph_insiders_ok"": true, ""creator_ok"": true, ""dev_ok"": true, ""risk_ok"": true, ""no_danger_risk"": true, ""danger_hits"": []}",1.0,,,,,,,,,,,,,0.0,0.0,False,open
96X4zg5T4NFWzTVFXHsadvYbxbzFX2Rqt3GXUv92pump,Balloon,B,1783181771.8922539,4.601e-05,46015.0,17851.33,62.0,"{""has_safety"": true, ""mint_revoked"": true, ""freeze_revoked"": true, ""lp_locked"": true, ""not_rugged"": true, ""liq_ok"": true, ""vol_ok"": true, ""top10_ok"": true, ""insider_ok"": true, ""insider_net_ok"": true, ""graph_insiders_ok"": true, ""creator_ok"": true, ""dev_ok"": true, ""risk_ok"": true, ""no_danger_risk"": true, ""danger_hits"": []}",1.0,,,,,,,,,,,,,0.03716583351445335,0.0,False,open
BBhHEEs8bCPchS8S8EX744ExVrMD9xjGy8CXepctpump,ansemwifhat,B,1783181771.8922539,3.363e-05,33633.0,17994.05,61.7,"{""has_safety"": true, ""mint_revoked"": true, ""freeze_revoked"": true, ""lp_locked"": true, ""not_rugged"": true, ""liq_ok"": true, ""vol_ok"": true, ""top10_ok"": true, ""insider_ok"": true, ""insider_net_ok"": true, ""graph_insiders_ok"": true, ""creator_ok"": true, ""dev_ok"": true, ""risk_ok"": true, ""no_danger_risk"": true, ""danger_hits"": []}",1.0,,,,,,,,,,,,,0.0,-0.013083556348498449,False,open
5z6djd93D4twJD4mi8ST7tdAmA4XmrkovXuJy3mjpump,niglet,B,1783181771.8922539,0.0001597,159738.0,31789.54,58.4,"{""has_safety"": true, ""mint_revoked"": true, ""freeze_revoked"": true, ""lp_locked"": true, ""not_rugged"": true, ""liq_ok"": true, ""vol_ok"": true, ""top10_ok"": true, ""insider_ok"": true, ""insider_net_ok"": true, ""graph_insiders_ok"": true, ""creator_ok"": true, ""dev_ok"": true, ""risk_ok"": true, ""no_danger_risk"": true, ""danger_hits"": []}",1.0,,,,,,,,,,,,,0.2780212899185974,0.0,False,open
6nWvLtTC7LjaM4L1p1C9kVmsL2HT28Ms23obfnLpump,ANSEM,B,1783181771.8922539,3.79e-05,37887.0,15285.29,55.6,"{""has_safety"": true, ""mint_revoked"": true, ""freeze_revoked"": true, ""lp_locked"": true, ""not_rugged"": true, ""liq_ok"": true, ""vol_ok"": true, ""top10_ok"": true, ""insider_ok"": true, ""insider_net_ok"": true, ""graph_insiders_ok"": true, ""creator_ok"": true, ""dev_ok"": true, ""risk_ok"": true, ""no_danger_risk"": true, ""danger_hits"": []}",1.0,,,,,,,,,,,,,0.0036939313984170052,-0.08575197889182051,False,open
AnSem47wDeFBCnnuw2owzbBDT9pRzZDUBoSBXfbDpump,WEN,B,1783181771.8922539,2.96e-05,29608.0,13549.65,50.7,"{""has_safety"": true, ""mint_revoked"": true, ""freeze_revoked"": true, ""lp_locked"": true, ""not_rugged"": true, ""liq_ok"": true, ""vol_ok"": true, ""top10_ok"": true, ""insider_ok"": true, ""insider_net_ok"": true, ""graph_insiders_ok"": true, ""creator_ok"": true, ""dev_ok"": true, ""risk_ok"": true, ""no_danger_risk"": true, ""danger_hits"": []}",29.0,,,,,,,,,,,,,0.004729729729729737,0.0,False,open
9AvytnUKsLxPxFHFqS6VLxaxt5p6BhYNr53SD2Chpump,67,B,1783181771.8922539,0.002728,2727222.0,337679.72,45.7,"{""has_safety"": true, ""mint_revoked"": true, ""freeze_revoked"": true, ""lp_locked"": true, ""not_rugged"": true, ""liq_ok"": true, ""vol_ok"": true, ""top10_ok"": true, ""insider_ok"": true, ""insider_net_ok"": true, ""graph_insiders_ok"": true, ""creator_ok"": true, ""dev_ok"": true, ""risk_ok"": true, ""no_danger_risk"": true, ""danger_hits"": []}",1.0,,,,,,,,,,,,,0.0,-0.007331378299120228,False,open
CSrwNk6B1DwWCHRMsaoDVUfD5bBMQCJPY72ZG3Nnpump,Franklin,B,1783181771.8922539,9.541e-05,93152.0,52059.8,41.8,"{""has_safety"": true, ""mint_revoked"": true, ""freeze_revoked"": true, ""lp_locked"": true, ""not_rugged"": true, ""liq_ok"": true, ""vol_ok"": true, ""top10_ok"": true, ""insider_ok"": true, ""insider_net_ok"": true, ""graph_insiders_ok"": true, ""creator_ok"": true, ""dev_ok"": true, ""risk_ok"": true, ""no_danger_risk"": true, ""danger_hits"": []}",1.0,,,,,,,,,,,,,0.008384865318100898,0.0,False,open
H74CYmXgMkYHYuSRsZt6RJb4NYp2u72Vw8BS5huApump,LMAO!,B,1783181771.8922539,0.002871,2870097.0,248329.15,35.0,"{""has_safety"": true, ""mint_revoked"": true, ""freeze_revoked"": true, ""lp_locked"": true, ""not_rugged"": true, ""liq_ok"": true, ""vol_ok"": true, ""top10_ok"": true, ""insider_ok"": true, ""insider_net_ok"": true, ""graph_insiders_ok"": true, ""creator_ok"": true, ""dev_ok"": true, ""risk_ok"": true, ""no_danger_risk"": true, ""danger_hits"": []}",1.0,,,,,,,,,,,,,0.0,-0.008011145942180442,False,open
991L48va9rMiysu3fCpeg5p9bN4NLzhujojzmFtkgacE,spurdo,B,1783181771.8922539,0.0004929,492836.0,59442.34,29.6,"{""has_safety"": true, ""mint_revoked"": true, ""freeze_revoked"": true, ""lp_locked"": true, ""not_rugged"": true, ""liq_ok"": true, ""vol_ok"": true, ""top10_ok"": true, ""insider_ok"": true, ""insider_net_ok"": true, ""graph_insiders_ok"": true, ""creator_ok"": true, ""dev_ok"": true, ""risk_ok"": true, ""no_danger_risk"": true, ""danger_hits"": []}",1.0,,,,,,,,,,,,,0.0,-0.004869141813755196,False,open
71HtXHfexjKgem92Y5sPLPb6qkmtqWmPUzdKAcU9pump,trumplet,A,1783181875.5135114,0.000468,468065.0,53967.02,71.9,"{""has_safety"": true, ""mint_revoked"": true, ""freeze_revoked"": true, ""lp_locked"": true, ""not_rugged"": true, ""liq_ok"": true, ""vol_ok"": true, ""top10_ok"": true, ""insider_ok"": true, ""insider_net_ok"": true, ""graph_insiders_ok"": true, ""creator_ok"": true, ""dev_ok"": true, ""risk_ok"": true, ""no_danger_risk"": true, ""danger_hits"": []}",1.0,,,,,,,,,,,,,0.007051282051282026,0.0,False,open
MtJEwiCNkPyNFB3bfz78P6rfhzrHaTgEojqsJNJpump,TMB,B,1783181875.5135114,0.002079,2079538.0,147707.65,62.3,"{""has_safety"": true, ""mint_revoked"": true, ""freeze_revoked"": true, ""lp_locked"": true, ""not_rugged"": true, ""liq_ok"": true, ""vol_ok"": true, ""top10_ok"": true, ""insider_ok"": true, ""insider_net_ok"": true, ""graph_insiders_ok"": true, ""creator_ok"": true, ""dev_ok"": true, ""risk_ok"": true, ""no_danger_risk"": true, ""danger_hits"": []}",1.0,,,,,,,,,,,,,0.0,-0.0216450216450218,False,open
